{"cameraMode":{"drawMode":0,"name":"Shaded","section":"Shading Mode"},"sceneLighting":true,"audioPlay":false,"sceneViewState":{"showFog":true,"showMaterialUpdate":false,"showSkybox":true,"showFlares":true,"showImageEffects":true,"showParticleSystems":true,"showVisualEffectGraphs":true,"m_FxEnabled":true},"in2DMode":false,"pivot":{"x":-5.911177635192871,"y":10.752004623413086,"z":17.312084197998048},"rotation":{"x":-0.28674009442329409,"y":-0.10977057367563248,"z":0.033093035221099856,"w":-0.951123833656311},"size":32.188682556152347,"orthographic":false}